{
  "wavelength": "CuKa",
  "wavelength_angstrom": 1.54184,
  "n_peaks": 22,
  "two_theta_deg": [
    24.168228455130173,
    33.18671486490158,
    35.65929521976303,
    39.318839481347986,
    40.89541468875163,
    43.54403032545625,
    49.50443833579017,
    54.1171550742665,
    56.206104889393416,
    57.49704788049798,
    57.651536027740896,
    62.491058638801775,
    64.05592383919668,
    66.09038485413419,
    69.66154723165299,
    72.01915432630703,
    72.35191896381075,
    75.26297520855258,
    75.52298759783855,
    77.8116782759242,
    78.84875623912232,
    79.56016988550128
  ],
  "intensities": [
    28.297225809617398,
    100.0,
    74.14914448500211,
    2.0656520689005182,
    18.28572257488842,
    1.9789086788010672,
    38.62761600798558,
    47.133289615965445,
    0.5210909655060412,
    2.4678214083209755,
    8.97480044221949,
    32.94374640177709,
    31.91436259235344,
    0.2678313496883025,
    3.3597885960785985,
    12.090477409990967,
    1.9163106016364535,
    0.16027796796649205,
    7.911329529111049,
    2.918626502490884,
    1.1328784856729677,
    0.062045540923611676
  ],
  "d_spacings_angstrom": [
    3.6824904211695104,
    2.699514635001374,
    2.5178000000000003,
    2.2914833333333333,
    2.2067119060151716,
    2.0784316326090537,
    1.8412452105847552,
    1.6946976564216119,
    1.6365682491164457,
    1.6028569744692387,
    1.5989290166268324,
    1.4862353306292801,
    1.4536525077656397,
    1.4137529311536254,
    1.349757317500687,
    1.3112657824602465,
    1.3060529654146849,
    1.2626017696350906,
    1.2589000000000001,
    1.2274968070565033,
    1.213933999874344,
    1.2048587855333333
  ],
  "hkl_indices": [
    [
      1,
      0,
      -1
    ],
    [
      1,
      0,
      -1
    ],
    [
      2,
      -1,
      -1
    ],
    [
      0,
      0,
      0
    ],
    [
      2,
      -1,
      -1
    ],
    [
      2,
      0,
      -2
    ],
    [
      2,
      0,
      -2
    ],
    [
      2,
      -1,
      -1
    ],
    [
      3,
      -1,
      -2
    ],
    [
      3,
      -1,
      -2
    ],
    [
      1,
      0,
      -1
    ],
    [
      3,
      -1,
      -2
    ],
    [
      3,
      0,
      -3
    ],
    [
      3,
      -1,
      -2
    ],
    [
      2,
      0,
      -2
    ],
    [
      1,
      0,
      -1
    ],
    [
      2,
      -1,
      -1
    ],
    [
      3,
      -1,
      -2
    ],
    [
      4,
      -2,
      -2
    ],
    [
      3,
      0,
      -3
    ],
    [
      4,
      -2,
      -2
    ],
    [
      4,
      -1,
      -3
    ]
  ],
  "metadata": {
    "two_theta_range": [
      10,
      80
    ],
    "formula": "Fe2O3"
  }
}