{
  "bandgap_eV": 0.6121850663838035,
  "is_direct": false,
  "is_metal": false,
  "vbm_energy_eV": 5.982560275242331,
  "cbm_energy_eV": 6.594745341626134,
  "vbm_k_index": 0,
  "cbm_k_index": 34,
  "effective_mass_electron_me": 0.5405307460506592,
  "effective_mass_hole_me": 0.1941437497149658,
  "dos_at_fermi_states_per_eV": 2.0292700000000088e-05,
  "n_occupied_bands": 4,
  "metadata": {
    "fermi_energy": 6.4291,
    "source": "qe",
    "n_edge_points": 5
  }
}