{
  "wavelength": "CuKa",
  "wavelength_angstrom": 1.54184,
  "n_peaks": 6,
  "two_theta_deg": [
    28.46547673633857,
    47.342690824703475,
    56.170984864224835,
    69.19283879628672,
    76.44797051280239,
    88.11831470980653
  ],
  "intensities": [
    100.0,
    66.64925997747818,
    39.58572187374746,
    10.712790686348786,
    16.341026508256306,
    23.506930356651996
  ],
  "d_spacings_angstrom": [
    3.1355893119688574,
    1.9201484643120705,
    1.6375081124018347,
    1.35775,
    1.2459568506510212,
    1.1085982327546204
  ],
  "hkl_indices": [
    [
      1,
      1,
      1
    ],
    [
      2,
      1,
      1
    ],
    [
      2,
      1,
      0
    ],
    [
      2,
      2,
      0
    ],
    [
      3,
      2,
      2
    ],
    [
      3,
      3,
      2
    ]
  ],
  "metadata": {
    "two_theta_range": [
      10,
      90
    ],
    "formula": "Si"
  }
}