{
  "wavelength": "CuKa",
  "wavelength_angstrom": 1.54184,
  "n_peaks": 6,
  "two_theta_deg": [
    28.47082958598264,
    47.35194215605767,
    56.18224646927284,
    69.20739576056154,
    76.46459252437283,
    88.13873795546607
  ],
  "intensities": [
    99.99999999999999,
    66.64499646686872,
    39.58277405003693,
    10.712137139658655,
    16.340513030927422,
    23.508678856934097
  ],
  "d_spacings_angstrom": [
    3.135011961699668,
    1.9197949109214765,
    1.6372066010572566,
    1.3575,
    1.2457274349171503,
    1.108394108609388
  ],
  "hkl_indices": [
    [
      1,
      1,
      1
    ],
    [
      2,
      1,
      1
    ],
    [
      2,
      2,
      1
    ],
    [
      2,
      2,
      0
    ],
    [
      3,
      2,
      2
    ],
    [
      3,
      1,
      0
    ]
  ],
  "metadata": {
    "two_theta_range": [
      0,
      90
    ],
    "formula": "Si"
  }
}